YBR297W	YIL101C	1
YBR297W	YER190W	1
YBR297W	YER189W	1
YBR297W	YBR298C	1
YBR297W	YHL029C	1
YBR297W	YCR107W	1
YBR297W	YCR105W	1
YBR297W	YMR135WA	1
YBR297W	YFL066C	1
YBR297W	YDR276C	1
YMR021C	YBR297W	1
YMR021C	YPL177C	1
YMR021C	YPL198W	1
YMR021C	YMR319C	1
YMR021C	YJR101W	1
YMR021C	YHR193C	1
YMR021C	YPR123C	1
YMR021C	YHR194W	1
YPL177C	YIL101C	1
YPL177C	YIR020C	1
YPL177C	YDL246C	1
YPL177C	YDL245C	1
YPL177C	YPL198W	1
YPL177C	YJR101W	1
YPL177C	YFR005C	1
YPL177C	YBL043W	1
YPL177C	YBL029W	1
YMR042W	YPL177C	1
YMR042W	YPL265W	1
YMR042W	YFL023W	1
YMR042W	YFL024C	1
YMR042W	YPL111W	1
YML099C	YPL177C	1
YML099C	YPL265W	1
YML099C	YBR086C	1
YML099C	YFL023W	1
YML099C	YHR193C	1
YML099C	YFL024C	1
YML099C	YAR050W	1
YML099C	YHR194W	1
YML099C	YPL111W	1
YIL101C	YJR147W	1
YIL101C	YGR249W	1
YIL101C	YER045C	1
YIL101C	YER190W	1
YIL101C	YER189W	1
YIL101C	YOL157C	1
YIL101C	YCR021C	1
YIL101C	YMR172CA	1
YIL101C	YJR094C	1
YIL101C	YIR020C	1
YIL101C	YMR173W	1
YIL101C	YKR042W	1
YIL101C	YDL246C	1
YIL101C	YJL221C	1
YIL101C	YJL219W	1
YIL101C	YHL029C	1
YIL101C	YCR107W	1
YIL101C	YBL043W	1
YIL101C	YCR105W	1
YIL101C	YMR135WA	1
YIL101C	YBL029W	1
YJR147W	YGR249W	1
YJR147W	YJR054W	1
YJR147W	YKR042W	1
YGR249W	YBR086C	1
YGR249W	YJR054W	1
YGR249W	YOR258W	1
YGR249W	YPR197C	1
YGR249W	YCR107W	1
YGR249W	YOR280C	1
YGR249W	YCR105W	1
YER045C	YPL078C	1
YHL027W	YGR249W	1
YHL027W	YER045C	1
YHL027W	YOL157C	1
YHL027W	YCR021C	1
YHL027W	YMR172CA	1
YHL027W	YJR094C	1
YHL027W	YIR020C	1
YHL027W	YMR173W	1
YHL027W	YKR042W	1
YHL027W	YDL246C	1
YHL027W	YJL221C	1
YHL027W	YDL245C	1
YHL027W	YJL219W	1
YHL027W	YMR319C	1
YHL027W	YCR107W	1
YHL027W	YAR050W	1
YHL027W	YBL029W	1
YBR297W	YMR021C	0
YBR297W	YPL177C	0
YBR297W	YMR042W	0
YBR297W	YML099C	0
YBR297W	YJR147W	0
YBR297W	YGR249W	0
YBR297W	YER045C	0
YBR297W	YHL027W	0
YBR297W	YPL265W	0
YBR297W	YBR086C	0
YBR297W	YOL157C	0
YBR297W	YJR054W	0
YBR297W	YCR021C	0
YBR297W	YMR172CA	0
YBR297W	YJR094C	0
YBR297W	YIR020C	0
YBR297W	YMR173W	0
YBR297W	YKR042W	0
YBR297W	YDL246C	0
YBR297W	YJL221C	0
YBR297W	YDL245C	0
YBR297W	YPL198W	0
YBR297W	YPL078C	0
YBR297W	YJL219W	0
YBR297W	YMR319C	0
YBR297W	YFL023W	0
YBR297W	YOR258W	0
YBR297W	YJR101W	0
YBR297W	YHR193C	0
YBR297W	YPR197C	0
YBR297W	YFR005C	0
YBR297W	YBL043W	0
YBR297W	YPR123C	0
YBR297W	YOR280C	0
YBR297W	YFL024C	0
YBR297W	YAR050W	0
YBR297W	YBL029W	0
YBR297W	YHR194W	0
YBR297W	YPL111W	0
YMR021C	YMR042W	0
YMR021C	YML099C	0
YMR021C	YIL101C	0
YMR021C	YJR147W	0
YMR021C	YGR249W	0
YMR021C	YER045C	0
YMR021C	YHL027W	0
YMR021C	YER190W	0
YMR021C	YPL265W	0
YMR021C	YER189W	0
YMR021C	YBR086C	0
YMR021C	YOL157C	0
YMR021C	YJR054W	0
YMR021C	YCR021C	0
YMR021C	YMR172CA	0
YMR021C	YJR094C	0
YMR021C	YIR020C	0
YMR021C	YMR173W	0
YMR021C	YKR042W	0
YMR021C	YDL246C	0
YMR021C	YBR298C	0
YMR021C	YJL221C	0
YMR021C	YDL245C	0
YMR021C	YPL078C	0
YMR021C	YJL219W	0
YMR021C	YFL023W	0
YMR021C	YOR258W	0
YMR021C	YHL029C	0
YMR021C	YPR197C	0
YMR021C	YFR005C	0
YMR021C	YCR107W	0
YMR021C	YBL043W	0
YMR021C	YOR280C	0
YMR021C	YFL024C	0
YMR021C	YCR105W	0
YMR021C	YAR050W	0
YMR021C	YMR135WA	0
YMR021C	YBL029W	0
YMR021C	YPL111W	0
YMR021C	YFL066C	0
YMR021C	YDR276C	0
YPL177C	YBR297W	0
YPL177C	YMR021C	0
YPL177C	YMR042W	0
YPL177C	YML099C	0
YPL177C	YJR147W	0
YPL177C	YGR249W	0
YPL177C	YER045C	0
YPL177C	YHL027W	0
YPL177C	YER190W	0
YPL177C	YPL265W	0
YPL177C	YER189W	0
YPL177C	YBR086C	0
YPL177C	YOL157C	0
YPL177C	YJR054W	0
YPL177C	YCR021C	0
YPL177C	YMR172CA	0
YPL177C	YJR094C	0
YPL177C	YMR173W	0
YPL177C	YKR042W	0
YPL177C	YBR298C	0
YPL177C	YJL221C	0
YPL177C	YPL078C	0
YPL177C	YJL219W	0
YPL177C	YMR319C	0
YPL177C	YFL023W	0
YPL177C	YOR258W	0
YPL177C	YHL029C	0
YPL177C	YHR193C	0
YPL177C	YPR197C	0
YPL177C	YCR107W	0
YPL177C	YPR123C	0
YPL177C	YOR280C	0
YPL177C	YFL024C	0
YPL177C	YCR105W	0
YPL177C	YAR050W	0
YPL177C	YMR135WA	0
YPL177C	YHR194W	0
YPL177C	YPL111W	0
YPL177C	YFL066C	0
YPL177C	YDR276C	0
YMR042W	YBR297W	0
YMR042W	YMR021C	0
YMR042W	YML099C	0
YMR042W	YIL101C	0
YMR042W	YJR147W	0
YMR042W	YGR249W	0
YMR042W	YER045C	0
YMR042W	YHL027W	0
YMR042W	YER190W	0
YMR042W	YER189W	0
YMR042W	YBR086C	0
YMR042W	YOL157C	0
YMR042W	YJR054W	0
YMR042W	YCR021C	0
YMR042W	YMR172CA	0
YMR042W	YJR094C	0
YMR042W	YIR020C	0
YMR042W	YMR173W	0
YMR042W	YKR042W	0
YMR042W	YDL246C	0
YMR042W	YBR298C	0
YMR042W	YJL221C	0
YMR042W	YDL245C	0
YMR042W	YPL198W	0
YMR042W	YPL078C	0
YMR042W	YJL219W	0
YMR042W	YMR319C	0
YMR042W	YOR258W	0
YMR042W	YJR101W	0
YMR042W	YHL029C	0
YMR042W	YHR193C	0
YMR042W	YPR197C	0
YMR042W	YFR005C	0
YMR042W	YCR107W	0
YMR042W	YBL043W	0
YMR042W	YPR123C	0
YMR042W	YOR280C	0
YMR042W	YCR105W	0
YMR042W	YAR050W	0
YMR042W	YMR135WA	0
YMR042W	YBL029W	0
YMR042W	YHR194W	0
YMR042W	YFL066C	0
YMR042W	YDR276C	0
YML099C	YBR297W	0
YML099C	YMR021C	0
YML099C	YMR042W	0
YML099C	YIL101C	0
YML099C	YJR147W	0
YML099C	YGR249W	0
YML099C	YER045C	0
YML099C	YHL027W	0
YML099C	YER190W	0
YML099C	YER189W	0
YML099C	YOL157C	0
YML099C	YJR054W	0
YML099C	YCR021C	0
YML099C	YMR172CA	0
YML099C	YJR094C	0
YML099C	YIR020C	0
YML099C	YMR173W	0
YML099C	YKR042W	0
YML099C	YDL246C	0
YML099C	YBR298C	0
YML099C	YJL221C	0
YML099C	YDL245C	0
YML099C	YPL198W	0
YML099C	YPL078C	0
YML099C	YJL219W	0
YML099C	YMR319C	0
YML099C	YOR258W	0
YML099C	YJR101W	0
YML099C	YHL029C	0
YML099C	YPR197C	0
YML099C	YFR005C	0
YML099C	YCR107W	0
YML099C	YBL043W	0
YML099C	YPR123C	0
YML099C	YOR280C	0
YML099C	YCR105W	0
YML099C	YMR135WA	0
YML099C	YBL029W	0
YML099C	YFL066C	0
YML099C	YDR276C	0
YIL101C	YBR297W	0
YIL101C	YMR021C	0
YIL101C	YPL177C	0
YIL101C	YMR042W	0
YIL101C	YML099C	0
YIL101C	YHL027W	0
YIL101C	YPL265W	0
YIL101C	YBR086C	0
YIL101C	YJR054W	0
YIL101C	YBR298C	0
YIL101C	YDL245C	0
YIL101C	YPL198W	0
YIL101C	YPL078C	0
YIL101C	YMR319C	0
YIL101C	YFL023W	0
YIL101C	YOR258W	0
YIL101C	YJR101W	0
YIL101C	YHR193C	0
YIL101C	YPR197C	0
YIL101C	YFR005C	0
YIL101C	YPR123C	0
YIL101C	YOR280C	0
YIL101C	YFL024C	0
YIL101C	YAR050W	0
YIL101C	YHR194W	0
YIL101C	YPL111W	0
YIL101C	YFL066C	0
YIL101C	YDR276C	0
YJR147W	YBR297W	0
YJR147W	YMR021C	0
YJR147W	YPL177C	0
YJR147W	YMR042W	0
YJR147W	YML099C	0
YJR147W	YIL101C	0
YJR147W	YER045C	0
YJR147W	YHL027W	0
YJR147W	YER190W	0
YJR147W	YPL265W	0
YJR147W	YER189W	0
YJR147W	YBR086C	0
YJR147W	YOL157C	0
YJR147W	YCR021C	0
YJR147W	YMR172CA	0
YJR147W	YJR094C	0
YJR147W	YIR020C	0
YJR147W	YMR173W	0
YJR147W	YDL246C	0
YJR147W	YBR298C	0
YJR147W	YJL221C	0
YJR147W	YDL245C	0
YJR147W	YPL198W	0
YJR147W	YPL078C	0
YJR147W	YJL219W	0
YJR147W	YMR319C	0
YJR147W	YFL023W	0
YJR147W	YOR258W	0
YJR147W	YJR101W	0
YJR147W	YHL029C	0
YJR147W	YHR193C	0
YJR147W	YPR197C	0
YJR147W	YFR005C	0
YJR147W	YCR107W	0
YJR147W	YBL043W	0
YJR147W	YPR123C	0
YJR147W	YOR280C	0
YJR147W	YFL024C	0
YJR147W	YCR105W	0
YJR147W	YAR050W	0
YJR147W	YMR135WA	0
YJR147W	YBL029W	0
YJR147W	YHR194W	0
YJR147W	YPL111W	0
YJR147W	YFL066C	0
YJR147W	YDR276C	0
YGR249W	YBR297W	0
YGR249W	YMR021C	0
YGR249W	YPL177C	0
YGR249W	YMR042W	0
YGR249W	YML099C	0
YGR249W	YIL101C	0
YGR249W	YJR147W	0
YGR249W	YER045C	0
YGR249W	YHL027W	0
YGR249W	YER190W	0
YGR249W	YPL265W	0
YGR249W	YER189W	0
YGR249W	YOL157C	0
YGR249W	YCR021C	0
YGR249W	YMR172CA	0
YGR249W	YJR094C	0
YGR249W	YIR020C	0
YGR249W	YMR173W	0
YGR249W	YKR042W	0
YGR249W	YDL246C	0
YGR249W	YBR298C	0
YGR249W	YJL221C	0
YGR249W	YDL245C	0
YGR249W	YPL198W	0
YGR249W	YPL078C	0
YGR249W	YJL219W	0
YGR249W	YMR319C	0
YGR249W	YFL023W	0
YGR249W	YJR101W	0
YGR249W	YHL029C	0
YGR249W	YHR193C	0
YGR249W	YFR005C	0
YGR249W	YBL043W	0
YGR249W	YPR123C	0
YGR249W	YFL024C	0
YGR249W	YAR050W	0
YGR249W	YMR135WA	0
YGR249W	YBL029W	0
YGR249W	YHR194W	0
YGR249W	YPL111W	0
YGR249W	YFL066C	0
YGR249W	YDR276C	0
YER045C	YBR297W	0
YER045C	YMR021C	0
YER045C	YPL177C	0
YER045C	YMR042W	0
YER045C	YML099C	0
YER045C	YIL101C	0
YER045C	YJR147W	0
YER045C	YGR249W	0
YER045C	YHL027W	0
YER045C	YER190W	0
YER045C	YPL265W	0
YER045C	YER189W	0
YER045C	YBR086C	0
YER045C	YOL157C	0
YER045C	YJR054W	0
YER045C	YCR021C	0
YER045C	YMR172CA	0
YER045C	YJR094C	0
YER045C	YIR020C	0
YER045C	YMR173W	0
YER045C	YKR042W	0
YER045C	YDL246C	0
YER045C	YBR298C	0
YER045C	YJL221C	0
YER045C	YDL245C	0
YER045C	YPL198W	0
YER045C	YJL219W	0
YER045C	YMR319C	0
YER045C	YFL023W	0
YER045C	YOR258W	0
YER045C	YJR101W	0
YER045C	YHL029C	0
YER045C	YHR193C	0
YER045C	YPR197C	0
YER045C	YFR005C	0
YER045C	YCR107W	0
YER045C	YBL043W	0
YER045C	YPR123C	0
YER045C	YOR280C	0
YER045C	YFL024C	0
YER045C	YCR105W	0
YER045C	YAR050W	0
YER045C	YMR135WA	0
YER045C	YBL029W	0
YER045C	YHR194W	0
YER045C	YPL111W	0
YER045C	YFL066C	0
YER045C	YDR276C	0
YHL027W	YBR297W	0
YHL027W	YMR021C	0
YHL027W	YPL177C	0
YHL027W	YMR042W	0
YHL027W	YML099C	0
YHL027W	YIL101C	0
YHL027W	YJR147W	0
YHL027W	YER190W	0
YHL027W	YPL265W	0
YHL027W	YER189W	0
YHL027W	YBR086C	0
YHL027W	YJR054W	0
YHL027W	YBR298C	0
YHL027W	YPL198W	0
YHL027W	YPL078C	0
YHL027W	YFL023W	0
YHL027W	YOR258W	0
YHL027W	YJR101W	0
YHL027W	YHL029C	0
YHL027W	YHR193C	0
YHL027W	YPR197C	0
YHL027W	YFR005C	0
YHL027W	YBL043W	0
YHL027W	YPR123C	0
YHL027W	YOR280C	0
YHL027W	YFL024C	0
YHL027W	YCR105W	0
YHL027W	YMR135WA	0
YHL027W	YHR194W	0
YHL027W	YPL111W	0
YHL027W	YFL066C	0
YHL027W	YDR276C	0
YER190W	YBR297W	0
YER190W	YMR021C	0
YER190W	YPL177C	0
YER190W	YMR042W	0
YER190W	YML099C	0
YER190W	YIL101C	0
YER190W	YJR147W	0
YER190W	YGR249W	0
YER190W	YER045C	0
YER190W	YHL027W	0
YER190W	YPL265W	0
YER190W	YER189W	0
YER190W	YBR086C	0
YER190W	YOL157C	0
YER190W	YJR054W	0
YER190W	YCR021C	0
YER190W	YMR172CA	0
YER190W	YJR094C	0
YER190W	YIR020C	0
YER190W	YMR173W	0
YER190W	YKR042W	0
YER190W	YDL246C	0
YER190W	YBR298C	0
YER190W	YJL221C	0
YER190W	YDL245C	0
YER190W	YPL198W	0
YER190W	YPL078C	0
YER190W	YJL219W	0
YER190W	YMR319C	0
YER190W	YFL023W	0
YER190W	YOR258W	0
YER190W	YJR101W	0
YER190W	YHL029C	0
YER190W	YHR193C	0
YER190W	YPR197C	0
YER190W	YFR005C	0
YER190W	YCR107W	0
YER190W	YBL043W	0
YER190W	YPR123C	0
YER190W	YOR280C	0
YER190W	YFL024C	0
YER190W	YCR105W	0
YER190W	YAR050W	0
YER190W	YMR135WA	0
YER190W	YBL029W	0
YER190W	YHR194W	0
YER190W	YPL111W	0
YER190W	YFL066C	0
YER190W	YDR276C	0
YPL265W	YBR297W	0
YPL265W	YMR021C	0
YPL265W	YPL177C	0
YPL265W	YMR042W	0
YPL265W	YML099C	0
YPL265W	YIL101C	0
YPL265W	YJR147W	0
YPL265W	YGR249W	0
YPL265W	YER045C	0
YPL265W	YHL027W	0
YPL265W	YER190W	0
YPL265W	YER189W	0
YPL265W	YBR086C	0
YPL265W	YOL157C	0
YPL265W	YJR054W	0
YPL265W	YCR021C	0
YPL265W	YMR172CA	0
YPL265W	YJR094C	0
YPL265W	YIR020C	0
YPL265W	YMR173W	0
YPL265W	YKR042W	0
YPL265W	YDL246C	0
YPL265W	YBR298C	0
YPL265W	YJL221C	0
YPL265W	YDL245C	0
YPL265W	YPL198W	0
YPL265W	YPL078C	0
YPL265W	YJL219W	0
YPL265W	YMR319C	0
YPL265W	YFL023W	0
YPL265W	YOR258W	0
YPL265W	YJR101W	0
YPL265W	YHL029C	0
YPL265W	YHR193C	0
YPL265W	YPR197C	0
YPL265W	YFR005C	0
YPL265W	YCR107W	0
YPL265W	YBL043W	0
YPL265W	YPR123C	0
YPL265W	YOR280C	0
YPL265W	YFL024C	0
YPL265W	YCR105W	0
YPL265W	YAR050W	0
YPL265W	YMR135WA	0
YPL265W	YBL029W	0
YPL265W	YHR194W	0
YPL265W	YPL111W	0
YPL265W	YFL066C	0
YPL265W	YDR276C	0
YER189W	YBR297W	0
YER189W	YMR021C	0
YER189W	YPL177C	0
YER189W	YMR042W	0
YER189W	YML099C	0
YER189W	YIL101C	0
YER189W	YJR147W	0
YER189W	YGR249W	0
YER189W	YER045C	0
YER189W	YHL027W	0
YER189W	YER190W	0
YER189W	YPL265W	0
YER189W	YBR086C	0
YER189W	YOL157C	0
YER189W	YJR054W	0
YER189W	YCR021C	0
YER189W	YMR172CA	0
YER189W	YJR094C	0
YER189W	YIR020C	0
YER189W	YMR173W	0
YER189W	YKR042W	0
YER189W	YDL246C	0
YER189W	YBR298C	0
YER189W	YJL221C	0
YER189W	YDL245C	0
YER189W	YPL198W	0
YER189W	YPL078C	0
YER189W	YJL219W	0
YER189W	YMR319C	0
YER189W	YFL023W	0
YER189W	YOR258W	0
YER189W	YJR101W	0
YER189W	YHL029C	0
YER189W	YHR193C	0
YER189W	YPR197C	0
YER189W	YFR005C	0
YER189W	YCR107W	0
YER189W	YBL043W	0
YER189W	YPR123C	0
YER189W	YOR280C	0
YER189W	YFL024C	0
YER189W	YCR105W	0
YER189W	YAR050W	0
YER189W	YMR135WA	0
YER189W	YBL029W	0
YER189W	YHR194W	0
YER189W	YPL111W	0
YER189W	YFL066C	0
YER189W	YDR276C	0
YBR086C	YBR297W	0
YBR086C	YMR021C	0
YBR086C	YPL177C	0
YBR086C	YMR042W	0
YBR086C	YML099C	0
YBR086C	YIL101C	0
YBR086C	YJR147W	0
YBR086C	YGR249W	0
YBR086C	YER045C	0
YBR086C	YHL027W	0
YBR086C	YER190W	0
YBR086C	YPL265W	0
YBR086C	YER189W	0
YBR086C	YOL157C	0
YBR086C	YJR054W	0
YBR086C	YCR021C	0
YBR086C	YMR172CA	0
YBR086C	YJR094C	0
YBR086C	YIR020C	0
YBR086C	YMR173W	0
YBR086C	YKR042W	0
YBR086C	YDL246C	0
YBR086C	YBR298C	0
YBR086C	YJL221C	0
YBR086C	YDL245C	0
YBR086C	YPL198W	0
YBR086C	YPL078C	0
YBR086C	YJL219W	0
YBR086C	YMR319C	0
YBR086C	YFL023W	0
YBR086C	YOR258W	0
YBR086C	YJR101W	0
YBR086C	YHL029C	0
YBR086C	YHR193C	0
YBR086C	YPR197C	0
YBR086C	YFR005C	0
YBR086C	YCR107W	0
YBR086C	YBL043W	0
YBR086C	YPR123C	0
YBR086C	YOR280C	0
YBR086C	YFL024C	0
YBR086C	YCR105W	0
YBR086C	YAR050W	0
YBR086C	YMR135WA	0
YBR086C	YBL029W	0
YBR086C	YHR194W	0
YBR086C	YPL111W	0
YBR086C	YFL066C	0
YBR086C	YDR276C	0
YOL157C	YBR297W	0
YOL157C	YMR021C	0
YOL157C	YPL177C	0
YOL157C	YMR042W	0
YOL157C	YML099C	0
YOL157C	YIL101C	0
YOL157C	YJR147W	0
YOL157C	YGR249W	0
YOL157C	YER045C	0
YOL157C	YHL027W	0
YOL157C	YER190W	0
YOL157C	YPL265W	0
YOL157C	YER189W	0
YOL157C	YBR086C	0
YOL157C	YJR054W	0
YOL157C	YCR021C	0
YOL157C	YMR172CA	0
YOL157C	YJR094C	0
YOL157C	YIR020C	0
YOL157C	YMR173W	0
YOL157C	YKR042W	0
YOL157C	YDL246C	0
YOL157C	YBR298C	0
YOL157C	YJL221C	0
YOL157C	YDL245C	0
YOL157C	YPL198W	0
YOL157C	YPL078C	0
YOL157C	YJL219W	0
YOL157C	YMR319C	0
YOL157C	YFL023W	0
YOL157C	YOR258W	0
YOL157C	YJR101W	0
YOL157C	YHL029C	0
YOL157C	YHR193C	0
YOL157C	YPR197C	0
YOL157C	YFR005C	0
YOL157C	YCR107W	0
YOL157C	YBL043W	0
YOL157C	YPR123C	0
YOL157C	YOR280C	0
YOL157C	YFL024C	0
YOL157C	YCR105W	0
YOL157C	YAR050W	0
YOL157C	YMR135WA	0
YOL157C	YBL029W	0
YOL157C	YHR194W	0
YOL157C	YPL111W	0
YOL157C	YFL066C	0
YOL157C	YDR276C	0
YJR054W	YBR297W	0
YJR054W	YMR021C	0
YJR054W	YPL177C	0
YJR054W	YMR042W	0
YJR054W	YML099C	0
YJR054W	YIL101C	0
YJR054W	YJR147W	0
YJR054W	YGR249W	0
YJR054W	YER045C	0
YJR054W	YHL027W	0
YJR054W	YER190W	0
YJR054W	YPL265W	0
YJR054W	YER189W	0
YJR054W	YBR086C	0
YJR054W	YOL157C	0
YJR054W	YCR021C	0
YJR054W	YMR172CA	0
YJR054W	YJR094C	0
YJR054W	YIR020C	0
YJR054W	YMR173W	0
YJR054W	YKR042W	0
YJR054W	YDL246C	0
YJR054W	YBR298C	0
YJR054W	YJL221C	0
YJR054W	YDL245C	0
YJR054W	YPL198W	0
YJR054W	YPL078C	0
YJR054W	YJL219W	0
YJR054W	YMR319C	0
YJR054W	YFL023W	0
YJR054W	YOR258W	0
YJR054W	YJR101W	0
YJR054W	YHL029C	0
YJR054W	YHR193C	0
YJR054W	YPR197C	0
YJR054W	YFR005C	0
YJR054W	YCR107W	0
YJR054W	YBL043W	0
YJR054W	YPR123C	0
YJR054W	YOR280C	0
YJR054W	YFL024C	0
YJR054W	YCR105W	0
YJR054W	YAR050W	0
YJR054W	YMR135WA	0
YJR054W	YBL029W	0
YJR054W	YHR194W	0
YJR054W	YPL111W	0
YJR054W	YFL066C	0
YJR054W	YDR276C	0
YCR021C	YBR297W	0
YCR021C	YMR021C	0
YCR021C	YPL177C	0
YCR021C	YMR042W	0
YCR021C	YML099C	0
YCR021C	YIL101C	0
YCR021C	YJR147W	0
YCR021C	YGR249W	0
YCR021C	YER045C	0
YCR021C	YHL027W	0
YCR021C	YER190W	0
YCR021C	YPL265W	0
YCR021C	YER189W	0
YCR021C	YBR086C	0
YCR021C	YOL157C	0
YCR021C	YJR054W	0
YCR021C	YMR172CA	0
YCR021C	YJR094C	0
YCR021C	YIR020C	0
YCR021C	YMR173W	0
YCR021C	YKR042W	0
YCR021C	YDL246C	0
YCR021C	YBR298C	0
YCR021C	YJL221C	0
YCR021C	YDL245C	0
YCR021C	YPL198W	0
YCR021C	YPL078C	0
YCR021C	YJL219W	0
YCR021C	YMR319C	0
YCR021C	YFL023W	0
YCR021C	YOR258W	0
YCR021C	YJR101W	0
YCR021C	YHL029C	0
YCR021C	YHR193C	0
YCR021C	YPR197C	0
YCR021C	YFR005C	0
YCR021C	YCR107W	0
YCR021C	YBL043W	0
YCR021C	YPR123C	0
YCR021C	YOR280C	0
YCR021C	YFL024C	0
YCR021C	YCR105W	0
YCR021C	YAR050W	0
YCR021C	YMR135WA	0
YCR021C	YBL029W	0
YCR021C	YHR194W	0
YCR021C	YPL111W	0
YCR021C	YFL066C	0
YCR021C	YDR276C	0
YMR172CA	YBR297W	0
YMR172CA	YMR021C	0
YMR172CA	YPL177C	0
YMR172CA	YMR042W	0
YMR172CA	YML099C	0
YMR172CA	YIL101C	0
YMR172CA	YJR147W	0
YMR172CA	YGR249W	0
YMR172CA	YER045C	0
YMR172CA	YHL027W	0
YMR172CA	YER190W	0
YMR172CA	YPL265W	0
YMR172CA	YER189W	0
YMR172CA	YBR086C	0
YMR172CA	YOL157C	0
YMR172CA	YJR054W	0
YMR172CA	YCR021C	0
YMR172CA	YJR094C	0
YMR172CA	YIR020C	0
YMR172CA	YMR173W	0
YMR172CA	YKR042W	0
YMR172CA	YDL246C	0
YMR172CA	YBR298C	0
YMR172CA	YJL221C	0
YMR172CA	YDL245C	0
YMR172CA	YPL198W	0
YMR172CA	YPL078C	0
YMR172CA	YJL219W	0
YMR172CA	YMR319C	0
YMR172CA	YFL023W	0
YMR172CA	YOR258W	0
YMR172CA	YJR101W	0
YMR172CA	YHL029C	0
YMR172CA	YHR193C	0
YMR172CA	YPR197C	0
YMR172CA	YFR005C	0
YMR172CA	YCR107W	0
YMR172CA	YBL043W	0
YMR172CA	YPR123C	0
YMR172CA	YOR280C	0
YMR172CA	YFL024C	0
YMR172CA	YCR105W	0
YMR172CA	YAR050W	0
YMR172CA	YMR135WA	0
YMR172CA	YBL029W	0
YMR172CA	YHR194W	0
YMR172CA	YPL111W	0
YMR172CA	YFL066C	0
YMR172CA	YDR276C	0
YJR094C	YBR297W	0
YJR094C	YMR021C	0
YJR094C	YPL177C	0
YJR094C	YMR042W	0
YJR094C	YML099C	0
YJR094C	YIL101C	0
YJR094C	YJR147W	0
YJR094C	YGR249W	0
YJR094C	YER045C	0
YJR094C	YHL027W	0
YJR094C	YER190W	0
YJR094C	YPL265W	0
YJR094C	YER189W	0
YJR094C	YBR086C	0
YJR094C	YOL157C	0
YJR094C	YJR054W	0
YJR094C	YCR021C	0
YJR094C	YMR172CA	0
YJR094C	YIR020C	0
YJR094C	YMR173W	0
YJR094C	YKR042W	0
YJR094C	YDL246C	0
YJR094C	YBR298C	0
YJR094C	YJL221C	0
YJR094C	YDL245C	0
YJR094C	YPL198W	0
YJR094C	YPL078C	0
YJR094C	YJL219W	0
YJR094C	YMR319C	0
YJR094C	YFL023W	0
YJR094C	YOR258W	0
YJR094C	YJR101W	0
YJR094C	YHL029C	0
YJR094C	YHR193C	0
YJR094C	YPR197C	0
YJR094C	YFR005C	0
YJR094C	YCR107W	0
YJR094C	YBL043W	0
YJR094C	YPR123C	0
YJR094C	YOR280C	0
YJR094C	YFL024C	0
YJR094C	YCR105W	0
YJR094C	YAR050W	0
YJR094C	YMR135WA	0
YJR094C	YBL029W	0
YJR094C	YHR194W	0
YJR094C	YPL111W	0
YJR094C	YFL066C	0
YJR094C	YDR276C	0
YIR020C	YBR297W	0
YIR020C	YMR021C	0
YIR020C	YPL177C	0
YIR020C	YMR042W	0
YIR020C	YML099C	0
YIR020C	YIL101C	0
YIR020C	YJR147W	0
YIR020C	YGR249W	0
YIR020C	YER045C	0
YIR020C	YHL027W	0
YIR020C	YER190W	0
YIR020C	YPL265W	0
YIR020C	YER189W	0
YIR020C	YBR086C	0
YIR020C	YOL157C	0
YIR020C	YJR054W	0
YIR020C	YCR021C	0
YIR020C	YMR172CA	0
YIR020C	YJR094C	0
YIR020C	YMR173W	0
YIR020C	YKR042W	0
YIR020C	YDL246C	0
YIR020C	YBR298C	0
YIR020C	YJL221C	0
YIR020C	YDL245C	0
YIR020C	YPL198W	0
YIR020C	YPL078C	0
YIR020C	YJL219W	0
YIR020C	YMR319C	0
YIR020C	YFL023W	0
YIR020C	YOR258W	0
YIR020C	YJR101W	0
YIR020C	YHL029C	0
YIR020C	YHR193C	0
YIR020C	YPR197C	0
YIR020C	YFR005C	0
YIR020C	YCR107W	0
YIR020C	YBL043W	0
YIR020C	YPR123C	0
YIR020C	YOR280C	0
YIR020C	YFL024C	0
YIR020C	YCR105W	0
YIR020C	YAR050W	0
YIR020C	YMR135WA	0
YIR020C	YBL029W	0
YIR020C	YHR194W	0
YIR020C	YPL111W	0
YIR020C	YFL066C	0
YIR020C	YDR276C	0
YMR173W	YBR297W	0
YMR173W	YMR021C	0
YMR173W	YPL177C	0
YMR173W	YMR042W	0
YMR173W	YML099C	0
YMR173W	YIL101C	0
YMR173W	YJR147W	0
YMR173W	YGR249W	0
YMR173W	YER045C	0
YMR173W	YHL027W	0
YMR173W	YER190W	0
YMR173W	YPL265W	0
YMR173W	YER189W	0
YMR173W	YBR086C	0
YMR173W	YOL157C	0
YMR173W	YJR054W	0
YMR173W	YCR021C	0
YMR173W	YMR172CA	0
YMR173W	YJR094C	0
YMR173W	YIR020C	0
YMR173W	YKR042W	0
YMR173W	YDL246C	0
YMR173W	YBR298C	0
YMR173W	YJL221C	0
YMR173W	YDL245C	0
YMR173W	YPL198W	0
YMR173W	YPL078C	0
YMR173W	YJL219W	0
YMR173W	YMR319C	0
YMR173W	YFL023W	0
YMR173W	YOR258W	0
YMR173W	YJR101W	0
YMR173W	YHL029C	0
YMR173W	YHR193C	0
YMR173W	YPR197C	0
YMR173W	YFR005C	0
YMR173W	YCR107W	0
YMR173W	YBL043W	0
YMR173W	YPR123C	0
YMR173W	YOR280C	0
YMR173W	YFL024C	0
YMR173W	YCR105W	0
YMR173W	YAR050W	0
YMR173W	YMR135WA	0
YMR173W	YBL029W	0
YMR173W	YHR194W	0
YMR173W	YPL111W	0
YMR173W	YFL066C	0
YMR173W	YDR276C	0
YKR042W	YBR297W	0
YKR042W	YMR021C	0
YKR042W	YPL177C	0
YKR042W	YMR042W	0
YKR042W	YML099C	0
YKR042W	YIL101C	0
YKR042W	YJR147W	0
YKR042W	YGR249W	0
YKR042W	YER045C	0
YKR042W	YHL027W	0
YKR042W	YER190W	0
YKR042W	YPL265W	0
YKR042W	YER189W	0
YKR042W	YBR086C	0
YKR042W	YOL157C	0
YKR042W	YJR054W	0
YKR042W	YCR021C	0
YKR042W	YMR172CA	0
YKR042W	YJR094C	0
YKR042W	YIR020C	0
YKR042W	YMR173W	0
YKR042W	YDL246C	0
YKR042W	YBR298C	0
YKR042W	YJL221C	0
YKR042W	YDL245C	0
YKR042W	YPL198W	0
YKR042W	YPL078C	0
YKR042W	YJL219W	0
YKR042W	YMR319C	0
YKR042W	YFL023W	0
YKR042W	YOR258W	0
YKR042W	YJR101W	0
YKR042W	YHL029C	0
YKR042W	YHR193C	0
YKR042W	YPR197C	0
YKR042W	YFR005C	0
YKR042W	YCR107W	0
YKR042W	YBL043W	0
YKR042W	YPR123C	0
YKR042W	YOR280C	0
YKR042W	YFL024C	0
YKR042W	YCR105W	0
YKR042W	YAR050W	0
YKR042W	YMR135WA	0
YKR042W	YBL029W	0
YKR042W	YHR194W	0
YKR042W	YPL111W	0
YKR042W	YFL066C	0
YKR042W	YDR276C	0
YDL246C	YBR297W	0
YDL246C	YMR021C	0
YDL246C	YPL177C	0
YDL246C	YMR042W	0
YDL246C	YML099C	0
YDL246C	YIL101C	0
YDL246C	YJR147W	0
YDL246C	YGR249W	0
YDL246C	YER045C	0
YDL246C	YHL027W	0
YDL246C	YER190W	0
YDL246C	YPL265W	0
YDL246C	YER189W	0
YDL246C	YBR086C	0
YDL246C	YOL157C	0
YDL246C	YJR054W	0
YDL246C	YCR021C	0
YDL246C	YMR172CA	0
YDL246C	YJR094C	0
YDL246C	YIR020C	0
YDL246C	YMR173W	0
YDL246C	YKR042W	0
YDL246C	YBR298C	0
YDL246C	YJL221C	0
YDL246C	YDL245C	0
YDL246C	YPL198W	0
YDL246C	YPL078C	0
YDL246C	YJL219W	0
YDL246C	YMR319C	0
YDL246C	YFL023W	0
YDL246C	YOR258W	0
YDL246C	YJR101W	0
YDL246C	YHL029C	0
YDL246C	YHR193C	0
YDL246C	YPR197C	0
YDL246C	YFR005C	0
YDL246C	YCR107W	0
YDL246C	YBL043W	0
YDL246C	YPR123C	0
YDL246C	YOR280C	0
YDL246C	YFL024C	0
YDL246C	YCR105W	0
YDL246C	YAR050W	0
YDL246C	YMR135WA	0
YDL246C	YBL029W	0
YDL246C	YHR194W	0
YDL246C	YPL111W	0
YDL246C	YFL066C	0
YDL246C	YDR276C	0
YBR298C	YBR297W	0
YBR298C	YMR021C	0
YBR298C	YPL177C	0
YBR298C	YMR042W	0
YBR298C	YML099C	0
YBR298C	YIL101C	0
YBR298C	YJR147W	0
YBR298C	YGR249W	0
YBR298C	YER045C	0
YBR298C	YHL027W	0
YBR298C	YER190W	0
YBR298C	YPL265W	0
YBR298C	YER189W	0
YBR298C	YBR086C	0
YBR298C	YOL157C	0
YBR298C	YJR054W	0
YBR298C	YCR021C	0
YBR298C	YMR172CA	0
YBR298C	YJR094C	0
YBR298C	YIR020C	0
YBR298C	YMR173W	0
YBR298C	YKR042W	0
YBR298C	YDL246C	0
YBR298C	YJL221C	0
YBR298C	YDL245C	0
YBR298C	YPL198W	0
YBR298C	YPL078C	0
YBR298C	YJL219W	0
YBR298C	YMR319C	0
YBR298C	YFL023W	0
YBR298C	YOR258W	0
YBR298C	YJR101W	0
YBR298C	YHL029C	0
YBR298C	YHR193C	0
YBR298C	YPR197C	0
YBR298C	YFR005C	0
YBR298C	YCR107W	0
YBR298C	YBL043W	0
YBR298C	YPR123C	0
YBR298C	YOR280C	0
YBR298C	YFL024C	0
YBR298C	YCR105W	0
YBR298C	YAR050W	0
YBR298C	YMR135WA	0
YBR298C	YBL029W	0
YBR298C	YHR194W	0
YBR298C	YPL111W	0
YBR298C	YFL066C	0
YBR298C	YDR276C	0
YJL221C	YBR297W	0
YJL221C	YMR021C	0
YJL221C	YPL177C	0
YJL221C	YMR042W	0
YJL221C	YML099C	0
YJL221C	YIL101C	0
YJL221C	YJR147W	0
YJL221C	YGR249W	0
YJL221C	YER045C	0
YJL221C	YHL027W	0
YJL221C	YER190W	0
YJL221C	YPL265W	0
YJL221C	YER189W	0
YJL221C	YBR086C	0
YJL221C	YOL157C	0
YJL221C	YJR054W	0
YJL221C	YCR021C	0
YJL221C	YMR172CA	0
YJL221C	YJR094C	0
YJL221C	YIR020C	0
YJL221C	YMR173W	0
YJL221C	YKR042W	0
YJL221C	YDL246C	0
YJL221C	YBR298C	0
YJL221C	YDL245C	0
YJL221C	YPL198W	0
YJL221C	YPL078C	0
YJL221C	YJL219W	0
YJL221C	YMR319C	0
YJL221C	YFL023W	0
YJL221C	YOR258W	0
YJL221C	YJR101W	0
YJL221C	YHL029C	0
YJL221C	YHR193C	0
YJL221C	YPR197C	0
YJL221C	YFR005C	0
YJL221C	YCR107W	0
YJL221C	YBL043W	0
YJL221C	YPR123C	0
YJL221C	YOR280C	0
YJL221C	YFL024C	0
YJL221C	YCR105W	0
YJL221C	YAR050W	0
YJL221C	YMR135WA	0
YJL221C	YBL029W	0
YJL221C	YHR194W	0
YJL221C	YPL111W	0
YJL221C	YFL066C	0
YJL221C	YDR276C	0
YDL245C	YBR297W	0
YDL245C	YMR021C	0
YDL245C	YPL177C	0
YDL245C	YMR042W	0
YDL245C	YML099C	0
YDL245C	YIL101C	0
YDL245C	YJR147W	0
YDL245C	YGR249W	0
YDL245C	YER045C	0
YDL245C	YHL027W	0
YDL245C	YER190W	0
YDL245C	YPL265W	0
YDL245C	YER189W	0
YDL245C	YBR086C	0
YDL245C	YOL157C	0
YDL245C	YJR054W	0
YDL245C	YCR021C	0
YDL245C	YMR172CA	0
YDL245C	YJR094C	0
YDL245C	YIR020C	0
YDL245C	YMR173W	0
YDL245C	YKR042W	0
YDL245C	YDL246C	0
YDL245C	YBR298C	0
YDL245C	YJL221C	0
YDL245C	YPL198W	0
YDL245C	YPL078C	0
YDL245C	YJL219W	0
YDL245C	YMR319C	0
YDL245C	YFL023W	0
YDL245C	YOR258W	0
YDL245C	YJR101W	0
YDL245C	YHL029C	0
YDL245C	YHR193C	0
YDL245C	YPR197C	0
YDL245C	YFR005C	0
YDL245C	YCR107W	0
YDL245C	YBL043W	0
YDL245C	YPR123C	0
YDL245C	YOR280C	0
YDL245C	YFL024C	0
YDL245C	YCR105W	0
YDL245C	YAR050W	0
YDL245C	YMR135WA	0
YDL245C	YBL029W	0
YDL245C	YHR194W	0
YDL245C	YPL111W	0
YDL245C	YFL066C	0
YDL245C	YDR276C	0
YPL198W	YBR297W	0
YPL198W	YMR021C	0
YPL198W	YPL177C	0
YPL198W	YMR042W	0
YPL198W	YML099C	0
YPL198W	YIL101C	0
YPL198W	YJR147W	0
YPL198W	YGR249W	0
YPL198W	YER045C	0
YPL198W	YHL027W	0
YPL198W	YER190W	0
YPL198W	YPL265W	0
YPL198W	YER189W	0
YPL198W	YBR086C	0
YPL198W	YOL157C	0
YPL198W	YJR054W	0
YPL198W	YCR021C	0
YPL198W	YMR172CA	0
YPL198W	YJR094C	0
YPL198W	YIR020C	0
YPL198W	YMR173W	0
YPL198W	YKR042W	0
YPL198W	YDL246C	0
YPL198W	YBR298C	0
YPL198W	YJL221C	0
YPL198W	YDL245C	0
YPL198W	YPL078C	0
YPL198W	YJL219W	0
YPL198W	YMR319C	0
YPL198W	YFL023W	0
YPL198W	YOR258W	0
YPL198W	YJR101W	0
YPL198W	YHL029C	0
YPL198W	YHR193C	0
YPL198W	YPR197C	0
YPL198W	YFR005C	0
YPL198W	YCR107W	0
YPL198W	YBL043W	0
YPL198W	YPR123C	0
YPL198W	YOR280C	0
YPL198W	YFL024C	0
YPL198W	YCR105W	0
YPL198W	YAR050W	0
YPL198W	YMR135WA	0
YPL198W	YBL029W	0
YPL198W	YHR194W	0
YPL198W	YPL111W	0
YPL198W	YFL066C	0
YPL198W	YDR276C	0
YPL078C	YBR297W	0
YPL078C	YMR021C	0
YPL078C	YPL177C	0
YPL078C	YMR042W	0
YPL078C	YML099C	0
YPL078C	YIL101C	0
YPL078C	YJR147W	0
YPL078C	YGR249W	0
YPL078C	YER045C	0
YPL078C	YHL027W	0
YPL078C	YER190W	0
YPL078C	YPL265W	0
YPL078C	YER189W	0
YPL078C	YBR086C	0
YPL078C	YOL157C	0
YPL078C	YJR054W	0
YPL078C	YCR021C	0
YPL078C	YMR172CA	0
YPL078C	YJR094C	0
YPL078C	YIR020C	0
YPL078C	YMR173W	0
YPL078C	YKR042W	0
YPL078C	YDL246C	0
YPL078C	YBR298C	0
YPL078C	YJL221C	0
YPL078C	YDL245C	0
YPL078C	YPL198W	0
YPL078C	YJL219W	0
YPL078C	YMR319C	0
YPL078C	YFL023W	0
YPL078C	YOR258W	0
YPL078C	YJR101W	0
YPL078C	YHL029C	0
YPL078C	YHR193C	0
YPL078C	YPR197C	0
YPL078C	YFR005C	0
YPL078C	YCR107W	0
YPL078C	YBL043W	0
YPL078C	YPR123C	0
YPL078C	YOR280C	0
YPL078C	YFL024C	0
YPL078C	YCR105W	0
YPL078C	YAR050W	0
YPL078C	YMR135WA	0
YPL078C	YBL029W	0
YPL078C	YHR194W	0
YPL078C	YPL111W	0
YPL078C	YFL066C	0
YPL078C	YDR276C	0
YJL219W	YBR297W	0
YJL219W	YMR021C	0
YJL219W	YPL177C	0
YJL219W	YMR042W	0
YJL219W	YML099C	0
YJL219W	YIL101C	0
YJL219W	YJR147W	0
YJL219W	YGR249W	0
YJL219W	YER045C	0
YJL219W	YHL027W	0
YJL219W	YER190W	0
YJL219W	YPL265W	0
YJL219W	YER189W	0
YJL219W	YBR086C	0
YJL219W	YOL157C	0
YJL219W	YJR054W	0
YJL219W	YCR021C	0
YJL219W	YMR172CA	0
YJL219W	YJR094C	0
YJL219W	YIR020C	0
YJL219W	YMR173W	0
YJL219W	YKR042W	0
YJL219W	YDL246C	0
YJL219W	YBR298C	0
YJL219W	YJL221C	0
YJL219W	YDL245C	0
YJL219W	YPL198W	0
YJL219W	YPL078C	0
YJL219W	YMR319C	0
YJL219W	YFL023W	0
YJL219W	YOR258W	0
YJL219W	YJR101W	0
YJL219W	YHL029C	0
YJL219W	YHR193C	0
YJL219W	YPR197C	0
YJL219W	YFR005C	0
YJL219W	YCR107W	0
YJL219W	YBL043W	0
YJL219W	YPR123C	0
YJL219W	YOR280C	0
YJL219W	YFL024C	0
YJL219W	YCR105W	0
YJL219W	YAR050W	0
YJL219W	YMR135WA	0
YJL219W	YBL029W	0
YJL219W	YHR194W	0
YJL219W	YPL111W	0
YJL219W	YFL066C	0
YJL219W	YDR276C	0
YMR319C	YBR297W	0
YMR319C	YMR021C	0
YMR319C	YPL177C	0
YMR319C	YMR042W	0
YMR319C	YML099C	0
YMR319C	YIL101C	0
YMR319C	YJR147W	0
YMR319C	YGR249W	0
YMR319C	YER045C	0
YMR319C	YHL027W	0
YMR319C	YER190W	0
YMR319C	YPL265W	0
YMR319C	YER189W	0
YMR319C	YBR086C	0
YMR319C	YOL157C	0
YMR319C	YJR054W	0
YMR319C	YCR021C	0
YMR319C	YMR172CA	0
YMR319C	YJR094C	0
YMR319C	YIR020C	0
YMR319C	YMR173W	0
YMR319C	YKR042W	0
YMR319C	YDL246C	0
YMR319C	YBR298C	0
YMR319C	YJL221C	0
YMR319C	YDL245C	0
YMR319C	YPL198W	0
YMR319C	YPL078C	0
YMR319C	YJL219W	0
YMR319C	YFL023W	0
YMR319C	YOR258W	0
YMR319C	YJR101W	0
YMR319C	YHL029C	0
YMR319C	YHR193C	0
YMR319C	YPR197C	0
YMR319C	YFR005C	0
YMR319C	YCR107W	0
YMR319C	YBL043W	0
YMR319C	YPR123C	0
YMR319C	YOR280C	0
YMR319C	YFL024C	0
YMR319C	YCR105W	0
YMR319C	YAR050W	0
YMR319C	YMR135WA	0
YMR319C	YBL029W	0
YMR319C	YHR194W	0
YMR319C	YPL111W	0
YMR319C	YFL066C	0
YMR319C	YDR276C	0
YFL023W	YBR297W	0
YFL023W	YMR021C	0
YFL023W	YPL177C	0
YFL023W	YMR042W	0
YFL023W	YML099C	0
YFL023W	YIL101C	0
YFL023W	YJR147W	0
YFL023W	YGR249W	0
YFL023W	YER045C	0
YFL023W	YHL027W	0
YFL023W	YER190W	0
YFL023W	YPL265W	0
YFL023W	YER189W	0
YFL023W	YBR086C	0
YFL023W	YOL157C	0
YFL023W	YJR054W	0
YFL023W	YCR021C	0
YFL023W	YMR172CA	0
YFL023W	YJR094C	0
YFL023W	YIR020C	0
YFL023W	YMR173W	0
YFL023W	YKR042W	0
YFL023W	YDL246C	0
YFL023W	YBR298C	0
YFL023W	YJL221C	0
YFL023W	YDL245C	0
YFL023W	YPL198W	0
YFL023W	YPL078C	0
YFL023W	YJL219W	0
YFL023W	YMR319C	0
YFL023W	YOR258W	0
YFL023W	YJR101W	0
YFL023W	YHL029C	0
YFL023W	YHR193C	0
YFL023W	YPR197C	0
YFL023W	YFR005C	0
YFL023W	YCR107W	0
YFL023W	YBL043W	0
YFL023W	YPR123C	0
YFL023W	YOR280C	0
YFL023W	YFL024C	0
YFL023W	YCR105W	0
YFL023W	YAR050W	0
YFL023W	YMR135WA	0
YFL023W	YBL029W	0
YFL023W	YHR194W	0
YFL023W	YPL111W	0
YFL023W	YFL066C	0
YFL023W	YDR276C	0
YOR258W	YBR297W	0
YOR258W	YMR021C	0
YOR258W	YPL177C	0
YOR258W	YMR042W	0
YOR258W	YML099C	0
YOR258W	YIL101C	0
YOR258W	YJR147W	0
YOR258W	YGR249W	0
YOR258W	YER045C	0
YOR258W	YHL027W	0
YOR258W	YER190W	0
YOR258W	YPL265W	0
YOR258W	YER189W	0
YOR258W	YBR086C	0
YOR258W	YOL157C	0
YOR258W	YJR054W	0
YOR258W	YCR021C	0
YOR258W	YMR172CA	0
YOR258W	YJR094C	0
YOR258W	YIR020C	0
YOR258W	YMR173W	0
YOR258W	YKR042W	0
YOR258W	YDL246C	0
YOR258W	YBR298C	0
YOR258W	YJL221C	0
YOR258W	YDL245C	0
YOR258W	YPL198W	0
YOR258W	YPL078C	0
YOR258W	YJL219W	0
YOR258W	YMR319C	0
YOR258W	YFL023W	0
YOR258W	YJR101W	0
YOR258W	YHL029C	0
YOR258W	YHR193C	0
YOR258W	YPR197C	0
YOR258W	YFR005C	0
YOR258W	YCR107W	0
YOR258W	YBL043W	0
YOR258W	YPR123C	0
YOR258W	YOR280C	0
YOR258W	YFL024C	0
YOR258W	YCR105W	0
YOR258W	YAR050W	0
YOR258W	YMR135WA	0
YOR258W	YBL029W	0
YOR258W	YHR194W	0
YOR258W	YPL111W	0
YOR258W	YFL066C	0
YOR258W	YDR276C	0
YJR101W	YBR297W	0
YJR101W	YMR021C	0
YJR101W	YPL177C	0
YJR101W	YMR042W	0
YJR101W	YML099C	0
YJR101W	YIL101C	0
YJR101W	YJR147W	0
YJR101W	YGR249W	0
YJR101W	YER045C	0
YJR101W	YHL027W	0
YJR101W	YER190W	0
YJR101W	YPL265W	0
YJR101W	YER189W	0
YJR101W	YBR086C	0
YJR101W	YOL157C	0
YJR101W	YJR054W	0
YJR101W	YCR021C	0
YJR101W	YMR172CA	0
YJR101W	YJR094C	0
YJR101W	YIR020C	0
YJR101W	YMR173W	0
YJR101W	YKR042W	0
YJR101W	YDL246C	0
YJR101W	YBR298C	0
YJR101W	YJL221C	0
YJR101W	YDL245C	0
YJR101W	YPL198W	0
YJR101W	YPL078C	0
YJR101W	YJL219W	0
YJR101W	YMR319C	0
YJR101W	YFL023W	0
YJR101W	YOR258W	0
YJR101W	YHL029C	0
YJR101W	YHR193C	0
YJR101W	YPR197C	0
YJR101W	YFR005C	0
YJR101W	YCR107W	0
YJR101W	YBL043W	0
YJR101W	YPR123C	0
YJR101W	YOR280C	0
YJR101W	YFL024C	0
YJR101W	YCR105W	0
YJR101W	YAR050W	0
YJR101W	YMR135WA	0
YJR101W	YBL029W	0
YJR101W	YHR194W	0
YJR101W	YPL111W	0
YJR101W	YFL066C	0
YJR101W	YDR276C	0
YHL029C	YBR297W	0
YHL029C	YMR021C	0
YHL029C	YPL177C	0
YHL029C	YMR042W	0
YHL029C	YML099C	0
YHL029C	YIL101C	0
YHL029C	YJR147W	0
YHL029C	YGR249W	0
YHL029C	YER045C	0
YHL029C	YHL027W	0
YHL029C	YER190W	0
YHL029C	YPL265W	0
YHL029C	YER189W	0
YHL029C	YBR086C	0
YHL029C	YOL157C	0
YHL029C	YJR054W	0
YHL029C	YCR021C	0
YHL029C	YMR172CA	0
YHL029C	YJR094C	0
YHL029C	YIR020C	0
YHL029C	YMR173W	0
YHL029C	YKR042W	0
YHL029C	YDL246C	0
YHL029C	YBR298C	0
YHL029C	YJL221C	0
YHL029C	YDL245C	0
YHL029C	YPL198W	0
YHL029C	YPL078C	0
YHL029C	YJL219W	0
YHL029C	YMR319C	0
YHL029C	YFL023W	0
YHL029C	YOR258W	0
YHL029C	YJR101W	0
YHL029C	YHR193C	0
YHL029C	YPR197C	0
YHL029C	YFR005C	0
YHL029C	YCR107W	0
YHL029C	YBL043W	0
YHL029C	YPR123C	0
YHL029C	YOR280C	0
YHL029C	YFL024C	0
YHL029C	YCR105W	0
YHL029C	YAR050W	0
YHL029C	YMR135WA	0
YHL029C	YBL029W	0
YHL029C	YHR194W	0
YHL029C	YPL111W	0
YHL029C	YFL066C	0
YHL029C	YDR276C	0
YHR193C	YBR297W	0
YHR193C	YMR021C	0
YHR193C	YPL177C	0
YHR193C	YMR042W	0
YHR193C	YML099C	0
YHR193C	YIL101C	0
YHR193C	YJR147W	0
YHR193C	YGR249W	0
YHR193C	YER045C	0
YHR193C	YHL027W	0
YHR193C	YER190W	0
YHR193C	YPL265W	0
YHR193C	YER189W	0
YHR193C	YBR086C	0
YHR193C	YOL157C	0
YHR193C	YJR054W	0
YHR193C	YCR021C	0
YHR193C	YMR172CA	0
YHR193C	YJR094C	0
YHR193C	YIR020C	0
YHR193C	YMR173W	0
YHR193C	YKR042W	0
YHR193C	YDL246C	0
YHR193C	YBR298C	0
YHR193C	YJL221C	0
YHR193C	YDL245C	0
YHR193C	YPL198W	0
YHR193C	YPL078C	0
YHR193C	YJL219W	0
YHR193C	YMR319C	0
YHR193C	YFL023W	0
YHR193C	YOR258W	0
YHR193C	YJR101W	0
YHR193C	YHL029C	0
YHR193C	YPR197C	0
YHR193C	YFR005C	0
YHR193C	YCR107W	0
YHR193C	YBL043W	0
YHR193C	YPR123C	0
YHR193C	YOR280C	0
YHR193C	YFL024C	0
YHR193C	YCR105W	0
YHR193C	YAR050W	0
YHR193C	YMR135WA	0
YHR193C	YBL029W	0
YHR193C	YHR194W	0
YHR193C	YPL111W	0
YHR193C	YFL066C	0
YHR193C	YDR276C	0
YPR197C	YBR297W	0
YPR197C	YMR021C	0
YPR197C	YPL177C	0
YPR197C	YMR042W	0
YPR197C	YML099C	0
YPR197C	YIL101C	0
YPR197C	YJR147W	0
YPR197C	YGR249W	0
YPR197C	YER045C	0
YPR197C	YHL027W	0
YPR197C	YER190W	0
YPR197C	YPL265W	0
YPR197C	YER189W	0
YPR197C	YBR086C	0
YPR197C	YOL157C	0
YPR197C	YJR054W	0
YPR197C	YCR021C	0
YPR197C	YMR172CA	0
YPR197C	YJR094C	0
YPR197C	YIR020C	0
YPR197C	YMR173W	0
YPR197C	YKR042W	0
YPR197C	YDL246C	0
YPR197C	YBR298C	0
YPR197C	YJL221C	0
YPR197C	YDL245C	0
YPR197C	YPL198W	0
YPR197C	YPL078C	0
YPR197C	YJL219W	0
YPR197C	YMR319C	0
YPR197C	YFL023W	0
YPR197C	YOR258W	0
YPR197C	YJR101W	0
YPR197C	YHL029C	0
YPR197C	YHR193C	0
YPR197C	YFR005C	0
YPR197C	YCR107W	0
YPR197C	YBL043W	0
YPR197C	YPR123C	0
YPR197C	YOR280C	0
YPR197C	YFL024C	0
YPR197C	YCR105W	0
YPR197C	YAR050W	0
YPR197C	YMR135WA	0
YPR197C	YBL029W	0
YPR197C	YHR194W	0
YPR197C	YPL111W	0
YPR197C	YFL066C	0
YPR197C	YDR276C	0
YFR005C	YBR297W	0
YFR005C	YMR021C	0
YFR005C	YPL177C	0
YFR005C	YMR042W	0
YFR005C	YML099C	0
YFR005C	YIL101C	0
YFR005C	YJR147W	0
YFR005C	YGR249W	0
YFR005C	YER045C	0
YFR005C	YHL027W	0
YFR005C	YER190W	0
YFR005C	YPL265W	0
YFR005C	YER189W	0
YFR005C	YBR086C	0
YFR005C	YOL157C	0
YFR005C	YJR054W	0
YFR005C	YCR021C	0
YFR005C	YMR172CA	0
YFR005C	YJR094C	0
YFR005C	YIR020C	0
YFR005C	YMR173W	0
YFR005C	YKR042W	0
YFR005C	YDL246C	0
YFR005C	YBR298C	0
YFR005C	YJL221C	0
YFR005C	YDL245C	0
YFR005C	YPL198W	0
YFR005C	YPL078C	0
YFR005C	YJL219W	0
YFR005C	YMR319C	0
YFR005C	YFL023W	0
YFR005C	YOR258W	0
YFR005C	YJR101W	0
YFR005C	YHL029C	0
YFR005C	YHR193C	0
YFR005C	YPR197C	0
YFR005C	YCR107W	0
YFR005C	YBL043W	0
YFR005C	YPR123C	0
YFR005C	YOR280C	0
YFR005C	YFL024C	0
YFR005C	YCR105W	0
YFR005C	YAR050W	0
YFR005C	YMR135WA	0
YFR005C	YBL029W	0
YFR005C	YHR194W	0
YFR005C	YPL111W	0
YFR005C	YFL066C	0
YFR005C	YDR276C	0
YCR107W	YBR297W	0
YCR107W	YMR021C	0
YCR107W	YPL177C	0
YCR107W	YMR042W	0
YCR107W	YML099C	0
YCR107W	YIL101C	0
YCR107W	YJR147W	0
YCR107W	YGR249W	0
YCR107W	YER045C	0
YCR107W	YHL027W	0
YCR107W	YER190W	0
YCR107W	YPL265W	0
YCR107W	YER189W	0
YCR107W	YBR086C	0
YCR107W	YOL157C	0
YCR107W	YJR054W	0
YCR107W	YCR021C	0
YCR107W	YMR172CA	0
YCR107W	YJR094C	0
YCR107W	YIR020C	0
YCR107W	YMR173W	0
YCR107W	YKR042W	0
YCR107W	YDL246C	0
YCR107W	YBR298C	0
YCR107W	YJL221C	0
YCR107W	YDL245C	0
YCR107W	YPL198W	0
YCR107W	YPL078C	0
YCR107W	YJL219W	0
YCR107W	YMR319C	0
YCR107W	YFL023W	0
YCR107W	YOR258W	0
YCR107W	YJR101W	0
YCR107W	YHL029C	0
YCR107W	YHR193C	0
YCR107W	YPR197C	0
YCR107W	YFR005C	0
YCR107W	YBL043W	0
YCR107W	YPR123C	0
YCR107W	YOR280C	0
YCR107W	YFL024C	0
YCR107W	YCR105W	0
YCR107W	YAR050W	0
YCR107W	YMR135WA	0
YCR107W	YBL029W	0
YCR107W	YHR194W	0
YCR107W	YPL111W	0
YCR107W	YFL066C	0
YCR107W	YDR276C	0
YBL043W	YBR297W	0
YBL043W	YMR021C	0
YBL043W	YPL177C	0
YBL043W	YMR042W	0
YBL043W	YML099C	0
YBL043W	YIL101C	0
YBL043W	YJR147W	0
YBL043W	YGR249W	0
YBL043W	YER045C	0
YBL043W	YHL027W	0
YBL043W	YER190W	0
YBL043W	YPL265W	0
YBL043W	YER189W	0
YBL043W	YBR086C	0
YBL043W	YOL157C	0
YBL043W	YJR054W	0
YBL043W	YCR021C	0
YBL043W	YMR172CA	0
YBL043W	YJR094C	0
YBL043W	YIR020C	0
YBL043W	YMR173W	0
YBL043W	YKR042W	0
YBL043W	YDL246C	0
YBL043W	YBR298C	0
YBL043W	YJL221C	0
YBL043W	YDL245C	0
YBL043W	YPL198W	0
YBL043W	YPL078C	0
YBL043W	YJL219W	0
YBL043W	YMR319C	0
YBL043W	YFL023W	0
YBL043W	YOR258W	0
YBL043W	YJR101W	0
YBL043W	YHL029C	0
YBL043W	YHR193C	0
YBL043W	YPR197C	0
YBL043W	YFR005C	0
YBL043W	YCR107W	0
YBL043W	YPR123C	0
YBL043W	YOR280C	0
YBL043W	YFL024C	0
YBL043W	YCR105W	0
YBL043W	YAR050W	0
YBL043W	YMR135WA	0
YBL043W	YBL029W	0
YBL043W	YHR194W	0
YBL043W	YPL111W	0
YBL043W	YFL066C	0
YBL043W	YDR276C	0
YPR123C	YBR297W	0
YPR123C	YMR021C	0
YPR123C	YPL177C	0
YPR123C	YMR042W	0
YPR123C	YML099C	0
YPR123C	YIL101C	0
YPR123C	YJR147W	0
YPR123C	YGR249W	0
YPR123C	YER045C	0
YPR123C	YHL027W	0
YPR123C	YER190W	0
YPR123C	YPL265W	0
YPR123C	YER189W	0
YPR123C	YBR086C	0
YPR123C	YOL157C	0
YPR123C	YJR054W	0
YPR123C	YCR021C	0
YPR123C	YMR172CA	0
YPR123C	YJR094C	0
YPR123C	YIR020C	0
YPR123C	YMR173W	0
YPR123C	YKR042W	0
YPR123C	YDL246C	0
YPR123C	YBR298C	0
YPR123C	YJL221C	0
YPR123C	YDL245C	0
YPR123C	YPL198W	0
YPR123C	YPL078C	0
YPR123C	YJL219W	0
YPR123C	YMR319C	0
YPR123C	YFL023W	0
YPR123C	YOR258W	0
YPR123C	YJR101W	0
YPR123C	YHL029C	0
YPR123C	YHR193C	0
YPR123C	YPR197C	0
YPR123C	YFR005C	0
YPR123C	YCR107W	0
YPR123C	YBL043W	0
YPR123C	YOR280C	0
YPR123C	YFL024C	0
YPR123C	YCR105W	0
YPR123C	YAR050W	0
YPR123C	YMR135WA	0
YPR123C	YBL029W	0
YPR123C	YHR194W	0
YPR123C	YPL111W	0
YPR123C	YFL066C	0
YPR123C	YDR276C	0
YOR280C	YBR297W	0
YOR280C	YMR021C	0
YOR280C	YPL177C	0
YOR280C	YMR042W	0
YOR280C	YML099C	0
YOR280C	YIL101C	0
YOR280C	YJR147W	0
YOR280C	YGR249W	0
YOR280C	YER045C	0
YOR280C	YHL027W	0
YOR280C	YER190W	0
YOR280C	YPL265W	0
YOR280C	YER189W	0
YOR280C	YBR086C	0
YOR280C	YOL157C	0
YOR280C	YJR054W	0
YOR280C	YCR021C	0
YOR280C	YMR172CA	0
YOR280C	YJR094C	0
YOR280C	YIR020C	0
YOR280C	YMR173W	0
YOR280C	YKR042W	0
YOR280C	YDL246C	0
YOR280C	YBR298C	0
YOR280C	YJL221C	0
YOR280C	YDL245C	0
YOR280C	YPL198W	0
YOR280C	YPL078C	0
YOR280C	YJL219W	0
YOR280C	YMR319C	0
YOR280C	YFL023W	0
YOR280C	YOR258W	0
YOR280C	YJR101W	0
YOR280C	YHL029C	0
YOR280C	YHR193C	0
YOR280C	YPR197C	0
YOR280C	YFR005C	0
YOR280C	YCR107W	0
YOR280C	YBL043W	0
YOR280C	YPR123C	0
YOR280C	YFL024C	0
YOR280C	YCR105W	0
YOR280C	YAR050W	0
YOR280C	YMR135WA	0
YOR280C	YBL029W	0
YOR280C	YHR194W	0
YOR280C	YPL111W	0
YOR280C	YFL066C	0
YOR280C	YDR276C	0
YFL024C	YBR297W	0
YFL024C	YMR021C	0
YFL024C	YPL177C	0
YFL024C	YMR042W	0
YFL024C	YML099C	0
YFL024C	YIL101C	0
YFL024C	YJR147W	0
YFL024C	YGR249W	0
YFL024C	YER045C	0
YFL024C	YHL027W	0
YFL024C	YER190W	0
YFL024C	YPL265W	0
YFL024C	YER189W	0
YFL024C	YBR086C	0
YFL024C	YOL157C	0
YFL024C	YJR054W	0
YFL024C	YCR021C	0
YFL024C	YMR172CA	0
YFL024C	YJR094C	0
YFL024C	YIR020C	0
YFL024C	YMR173W	0
YFL024C	YKR042W	0
YFL024C	YDL246C	0
YFL024C	YBR298C	0
YFL024C	YJL221C	0
YFL024C	YDL245C	0
YFL024C	YPL198W	0
YFL024C	YPL078C	0
YFL024C	YJL219W	0
YFL024C	YMR319C	0
YFL024C	YFL023W	0
YFL024C	YOR258W	0
YFL024C	YJR101W	0
YFL024C	YHL029C	0
YFL024C	YHR193C	0
YFL024C	YPR197C	0
YFL024C	YFR005C	0
YFL024C	YCR107W	0
YFL024C	YBL043W	0
YFL024C	YPR123C	0
YFL024C	YOR280C	0
YFL024C	YCR105W	0
YFL024C	YAR050W	0
YFL024C	YMR135WA	0
YFL024C	YBL029W	0
YFL024C	YHR194W	0
YFL024C	YPL111W	0
YFL024C	YFL066C	0
YFL024C	YDR276C	0
YCR105W	YBR297W	0
YCR105W	YMR021C	0
YCR105W	YPL177C	0
YCR105W	YMR042W	0
YCR105W	YML099C	0
YCR105W	YIL101C	0
YCR105W	YJR147W	0
YCR105W	YGR249W	0
YCR105W	YER045C	0
YCR105W	YHL027W	0
YCR105W	YER190W	0
YCR105W	YPL265W	0
YCR105W	YER189W	0
YCR105W	YBR086C	0
YCR105W	YOL157C	0
YCR105W	YJR054W	0
YCR105W	YCR021C	0
YCR105W	YMR172CA	0
YCR105W	YJR094C	0
YCR105W	YIR020C	0
YCR105W	YMR173W	0
YCR105W	YKR042W	0
YCR105W	YDL246C	0
YCR105W	YBR298C	0
YCR105W	YJL221C	0
YCR105W	YDL245C	0
YCR105W	YPL198W	0
YCR105W	YPL078C	0
YCR105W	YJL219W	0
YCR105W	YMR319C	0
YCR105W	YFL023W	0
YCR105W	YOR258W	0
YCR105W	YJR101W	0
YCR105W	YHL029C	0
YCR105W	YHR193C	0
YCR105W	YPR197C	0
YCR105W	YFR005C	0
YCR105W	YCR107W	0
YCR105W	YBL043W	0
YCR105W	YPR123C	0
YCR105W	YOR280C	0
YCR105W	YFL024C	0
YCR105W	YAR050W	0
YCR105W	YMR135WA	0
YCR105W	YBL029W	0
YCR105W	YHR194W	0
YCR105W	YPL111W	0
YCR105W	YFL066C	0
YCR105W	YDR276C	0
YAR050W	YBR297W	0
YAR050W	YMR021C	0
YAR050W	YPL177C	0
YAR050W	YMR042W	0
YAR050W	YML099C	0
YAR050W	YIL101C	0
YAR050W	YJR147W	0
YAR050W	YGR249W	0
YAR050W	YER045C	0
YAR050W	YHL027W	0
YAR050W	YER190W	0
YAR050W	YPL265W	0
YAR050W	YER189W	0
YAR050W	YBR086C	0
YAR050W	YOL157C	0
YAR050W	YJR054W	0
YAR050W	YCR021C	0
YAR050W	YMR172CA	0
YAR050W	YJR094C	0
YAR050W	YIR020C	0
YAR050W	YMR173W	0
YAR050W	YKR042W	0
YAR050W	YDL246C	0
YAR050W	YBR298C	0
YAR050W	YJL221C	0
YAR050W	YDL245C	0
YAR050W	YPL198W	0
YAR050W	YPL078C	0
YAR050W	YJL219W	0
YAR050W	YMR319C	0
YAR050W	YFL023W	0
YAR050W	YOR258W	0
YAR050W	YJR101W	0
YAR050W	YHL029C	0
YAR050W	YHR193C	0
YAR050W	YPR197C	0
YAR050W	YFR005C	0
YAR050W	YCR107W	0
YAR050W	YBL043W	0
YAR050W	YPR123C	0
YAR050W	YOR280C	0
YAR050W	YFL024C	0
YAR050W	YCR105W	0
YAR050W	YMR135WA	0
YAR050W	YBL029W	0
YAR050W	YHR194W	0
YAR050W	YPL111W	0
YAR050W	YFL066C	0
YAR050W	YDR276C	0
YMR135WA	YBR297W	0
YMR135WA	YMR021C	0
YMR135WA	YPL177C	0
YMR135WA	YMR042W	0
YMR135WA	YML099C	0
YMR135WA	YIL101C	0
YMR135WA	YJR147W	0
YMR135WA	YGR249W	0
YMR135WA	YER045C	0
YMR135WA	YHL027W	0
YMR135WA	YER190W	0
YMR135WA	YPL265W	0
YMR135WA	YER189W	0
YMR135WA	YBR086C	0
YMR135WA	YOL157C	0
YMR135WA	YJR054W	0
YMR135WA	YCR021C	0
YMR135WA	YMR172CA	0
YMR135WA	YJR094C	0
YMR135WA	YIR020C	0
YMR135WA	YMR173W	0
YMR135WA	YKR042W	0
YMR135WA	YDL246C	0
YMR135WA	YBR298C	0
YMR135WA	YJL221C	0
YMR135WA	YDL245C	0
YMR135WA	YPL198W	0
YMR135WA	YPL078C	0
YMR135WA	YJL219W	0
YMR135WA	YMR319C	0
YMR135WA	YFL023W	0
YMR135WA	YOR258W	0
YMR135WA	YJR101W	0
YMR135WA	YHL029C	0
YMR135WA	YHR193C	0
YMR135WA	YPR197C	0
YMR135WA	YFR005C	0
YMR135WA	YCR107W	0
YMR135WA	YBL043W	0
YMR135WA	YPR123C	0
YMR135WA	YOR280C	0
YMR135WA	YFL024C	0
YMR135WA	YCR105W	0
YMR135WA	YAR050W	0
YMR135WA	YBL029W	0
YMR135WA	YHR194W	0
YMR135WA	YPL111W	0
YMR135WA	YFL066C	0
YMR135WA	YDR276C	0
YBL029W	YBR297W	0
YBL029W	YMR021C	0
YBL029W	YPL177C	0
YBL029W	YMR042W	0
YBL029W	YML099C	0
YBL029W	YIL101C	0
YBL029W	YJR147W	0
YBL029W	YGR249W	0
YBL029W	YER045C	0
YBL029W	YHL027W	0
YBL029W	YER190W	0
YBL029W	YPL265W	0
YBL029W	YER189W	0
YBL029W	YBR086C	0
YBL029W	YOL157C	0
YBL029W	YJR054W	0
YBL029W	YCR021C	0
YBL029W	YMR172CA	0
YBL029W	YJR094C	0
YBL029W	YIR020C	0
YBL029W	YMR173W	0
YBL029W	YKR042W	0
YBL029W	YDL246C	0
YBL029W	YBR298C	0
YBL029W	YJL221C	0
YBL029W	YDL245C	0
YBL029W	YPL198W	0
YBL029W	YPL078C	0
YBL029W	YJL219W	0
YBL029W	YMR319C	0
YBL029W	YFL023W	0
YBL029W	YOR258W	0
YBL029W	YJR101W	0
YBL029W	YHL029C	0
YBL029W	YHR193C	0
YBL029W	YPR197C	0
YBL029W	YFR005C	0
YBL029W	YCR107W	0
YBL029W	YBL043W	0
YBL029W	YPR123C	0
YBL029W	YOR280C	0
YBL029W	YFL024C	0
YBL029W	YCR105W	0
YBL029W	YAR050W	0
YBL029W	YMR135WA	0
YBL029W	YHR194W	0
YBL029W	YPL111W	0
YBL029W	YFL066C	0
YBL029W	YDR276C	0
YHR194W	YBR297W	0
YHR194W	YMR021C	0
YHR194W	YPL177C	0
YHR194W	YMR042W	0
YHR194W	YML099C	0
YHR194W	YIL101C	0
YHR194W	YJR147W	0
YHR194W	YGR249W	0
YHR194W	YER045C	0
YHR194W	YHL027W	0
YHR194W	YER190W	0
YHR194W	YPL265W	0
YHR194W	YER189W	0
YHR194W	YBR086C	0
YHR194W	YOL157C	0
YHR194W	YJR054W	0
YHR194W	YCR021C	0
YHR194W	YMR172CA	0
YHR194W	YJR094C	0
YHR194W	YIR020C	0
YHR194W	YMR173W	0
YHR194W	YKR042W	0
YHR194W	YDL246C	0
YHR194W	YBR298C	0
YHR194W	YJL221C	0
YHR194W	YDL245C	0
YHR194W	YPL198W	0
YHR194W	YPL078C	0
YHR194W	YJL219W	0
YHR194W	YMR319C	0
YHR194W	YFL023W	0
YHR194W	YOR258W	0
YHR194W	YJR101W	0
YHR194W	YHL029C	0
YHR194W	YHR193C	0
YHR194W	YPR197C	0
YHR194W	YFR005C	0
YHR194W	YCR107W	0
YHR194W	YBL043W	0
YHR194W	YPR123C	0
YHR194W	YOR280C	0
YHR194W	YFL024C	0
YHR194W	YCR105W	0
YHR194W	YAR050W	0
YHR194W	YMR135WA	0
YHR194W	YBL029W	0
YHR194W	YPL111W	0
YHR194W	YFL066C	0
YHR194W	YDR276C	0
YPL111W	YBR297W	0
YPL111W	YMR021C	0
YPL111W	YPL177C	0
YPL111W	YMR042W	0
YPL111W	YML099C	0
YPL111W	YIL101C	0
YPL111W	YJR147W	0
YPL111W	YGR249W	0
YPL111W	YER045C	0
YPL111W	YHL027W	0
YPL111W	YER190W	0
YPL111W	YPL265W	0
YPL111W	YER189W	0
YPL111W	YBR086C	0
YPL111W	YOL157C	0
YPL111W	YJR054W	0
YPL111W	YCR021C	0
YPL111W	YMR172CA	0
YPL111W	YJR094C	0
YPL111W	YIR020C	0
YPL111W	YMR173W	0
YPL111W	YKR042W	0
YPL111W	YDL246C	0
YPL111W	YBR298C	0
YPL111W	YJL221C	0
YPL111W	YDL245C	0
YPL111W	YPL198W	0
YPL111W	YPL078C	0
YPL111W	YJL219W	0
YPL111W	YMR319C	0
YPL111W	YFL023W	0
YPL111W	YOR258W	0
YPL111W	YJR101W	0
YPL111W	YHL029C	0
YPL111W	YHR193C	0
YPL111W	YPR197C	0
YPL111W	YFR005C	0
YPL111W	YCR107W	0
YPL111W	YBL043W	0
YPL111W	YPR123C	0
YPL111W	YOR280C	0
YPL111W	YFL024C	0
YPL111W	YCR105W	0
YPL111W	YAR050W	0
YPL111W	YMR135WA	0
YPL111W	YBL029W	0
YPL111W	YHR194W	0
YPL111W	YFL066C	0
YPL111W	YDR276C	0
YFL066C	YBR297W	0
YFL066C	YMR021C	0
YFL066C	YPL177C	0
YFL066C	YMR042W	0
YFL066C	YML099C	0
YFL066C	YIL101C	0
YFL066C	YJR147W	0
YFL066C	YGR249W	0
YFL066C	YER045C	0
YFL066C	YHL027W	0
YFL066C	YER190W	0
YFL066C	YPL265W	0
YFL066C	YER189W	0
YFL066C	YBR086C	0
YFL066C	YOL157C	0
YFL066C	YJR054W	0
YFL066C	YCR021C	0
YFL066C	YMR172CA	0
YFL066C	YJR094C	0
YFL066C	YIR020C	0
YFL066C	YMR173W	0
YFL066C	YKR042W	0
YFL066C	YDL246C	0
YFL066C	YBR298C	0
YFL066C	YJL221C	0
YFL066C	YDL245C	0
YFL066C	YPL198W	0
YFL066C	YPL078C	0
YFL066C	YJL219W	0
YFL066C	YMR319C	0
YFL066C	YFL023W	0
YFL066C	YOR258W	0
YFL066C	YJR101W	0
YFL066C	YHL029C	0
YFL066C	YHR193C	0
YFL066C	YPR197C	0
YFL066C	YFR005C	0
YFL066C	YCR107W	0
YFL066C	YBL043W	0
YFL066C	YPR123C	0
YFL066C	YOR280C	0
YFL066C	YFL024C	0
YFL066C	YCR105W	0
YFL066C	YAR050W	0
YFL066C	YMR135WA	0
YFL066C	YBL029W	0
YFL066C	YHR194W	0
YFL066C	YPL111W	0
YFL066C	YDR276C	0
YDR276C	YBR297W	0
YDR276C	YMR021C	0
YDR276C	YPL177C	0
YDR276C	YMR042W	0
YDR276C	YML099C	0
YDR276C	YIL101C	0
YDR276C	YJR147W	0
YDR276C	YGR249W	0
YDR276C	YER045C	0
YDR276C	YHL027W	0
YDR276C	YER190W	0
YDR276C	YPL265W	0
YDR276C	YER189W	0
YDR276C	YBR086C	0
YDR276C	YOL157C	0
YDR276C	YJR054W	0
YDR276C	YCR021C	0
YDR276C	YMR172CA	0
YDR276C	YJR094C	0
YDR276C	YIR020C	0
YDR276C	YMR173W	0
YDR276C	YKR042W	0
YDR276C	YDL246C	0
YDR276C	YBR298C	0
YDR276C	YJL221C	0
YDR276C	YDL245C	0
YDR276C	YPL198W	0
YDR276C	YPL078C	0
YDR276C	YJL219W	0
YDR276C	YMR319C	0
YDR276C	YFL023W	0
YDR276C	YOR258W	0
YDR276C	YJR101W	0
YDR276C	YHL029C	0
YDR276C	YHR193C	0
YDR276C	YPR197C	0
YDR276C	YFR005C	0
YDR276C	YCR107W	0
YDR276C	YBL043W	0
YDR276C	YPR123C	0
YDR276C	YOR280C	0
YDR276C	YFL024C	0
YDR276C	YCR105W	0
YDR276C	YAR050W	0
YDR276C	YMR135WA	0
YDR276C	YBL029W	0
YDR276C	YHR194W	0
YDR276C	YPL111W	0
YDR276C	YFL066C	0
